Split Ratio,Training Samples,Test Samples,Accuracy
40-60,137,207,0.9516908212560387
60-40,206,138,0.9782608695652174
80-20,275,69,0.9855072463768116
90-10,309,35,1.0
