max_depth,accuracy
Unlimited,0.9855072463768116
2,0.9710144927536232
3,0.9710144927536232
4,0.9855072463768116
5,0.9855072463768116
6,0.9855072463768116
7,0.9855072463768116
